Name,Region,state,summit_elev,vertical_drop,base_elev,trams,fastSixes,fastQuads,quad,triple,double,surface,total_chairs,Runs,TerrainParks,LongestRun_mi,SkiableTerrain_ac,Snow Making_ac,daysOpenLastYear,yearsOpen,averageSnowfall,AdultWeekend,projectedDaysOpen,NightSkiing_ac,resorts_per_state,resorts_per_100kcapita,resorts_per_100ksq_mile,resort_skiable_area_ac_state_ratio,resort_days_open_state_ratio,resort_terrain_park_state_ratio,resort_night_skiing_state_ratio,total_chairs_runs_ratio,total_chairs_skiable_ratio,fastQuads_runs_ratio,fastQuads_skiable_ratio
Alyeska Resort,Alaska,Alaska,3939,2500,250,1,0,2,2,0,0,2,7,76,2,1,1610,113,150,60,669,85,150,550,3,0.4100909718472548,0.45086746901037594,0.706140351,0.43478260869565216,0.5,0.9482758620689655,0.092105263,0.004347826,0.026315789,0.001242236
Eaglecrest Ski Area,Alaska,Alaska,2600,1540,1200,0,0,0,0,0,4,0,4,36,1,2,640,60,45,44,350,53,90,,3,0.4100909718472548,0.45086746901037594,0.2807017543859649,0.13043478260869565,0.25,,0.1111111111111111,0.00625,0,0
Hilltop Ski Area,Alaska,Alaska,2090,294,1796,0,0,0,0,1,0,2,3,13,1,1,30,30,150,36,69,34,152,30,3,0.4100909718472548,0.45086746901037594,0.013157894736842105,0.43478260869565216,0.25,0.051724138,0.23076923076923078,0.1,0,0
Arizona Snowbowl,Arizona,Arizona,11500,2300,9200,0,1,0,2,2,1,2,8,55,4,2,777,104,122,81,260,89,122,,2,0.027477369981550318,1.7545398719185894,0.49270767279644895,0.5147679324894515,0.6666666666666666,,0.14545454545454545,0.010296010296010296,0,0
Sunrise Park Resort,Arizona,Arizona,11100,1800,9200,0,0,1,2,3,1,0,7,65,2,1.2,800,80,115,49,250,78,104,80,2,0.027477369981550318,1.7545398719185894,0.507292327,0.48523206751054854,0.3333333333333333,1,0.1076923076923077,0.00875,0.015384615384615385,0.00125
Yosemite Ski & Snowboard Area,Northern California,California,7800,600,7200,0,0,0,0,1,3,1,5,10,2,0.4,88,,110,84,300,47,107,,21,0.053148111,12.828736369467608,0.003391398,0.04017531,0.024691358024691357,,0.5,0.056818181818181816,0,0
Boreal Mountain Resort,Sierra Nevada,California,7700,500,7200,0,0,1,1,3,1,2,8,33,6,1,380,200,150,54,400,,150,200,21,0.053148111,12.828736369467608,0.014644673963311238,0.054784514,0.074074074,0.34071550255536626,0.24242424242424243,0.021052631578947368,0.030303030303030304,0.002631579
Dodge Ridge,Sierra Nevada,California,8200,1600,6600,0,0,0,1,2,5,4,12,67,5,2,862,,,69,350,78,140,,21,0.053148111,12.828736369467608,0.033220286727300756,,0.061728395,,0.1791044776119403,0.013921113689095127,0,0
Donner Ski Ranch,Sierra Nevada,California,8012,750,7031,0,0,0,0,1,5,2,8,52,2,1.5,505,60,163,82,400,75,170,,21,0.053148111,12.828736369467608,0.019462000924926778,0.059532505478451424,0.024691358024691357,,0.15384615384615385,0.015841584158415842,0,0
Mammoth Mountain Ski Area,Sierra Nevada,California,11053,3100,7953,3,2,9,1,6,4,0,25,154,7,3,3500,700,243,66,400,159,,,21,0.053148111,12.828736369467608,0.1348851549252351,0.088750913,0.086419753,,0.16233766233766234,0.007142857,0.058441558,0.002571429
Mt. Shasta Ski Park,Sierra Nevada,California,6890,1435,5500,0,0,0,0,3,0,1,4,32,2,1.1,425,225,140,34,300,59,130,,21,0.053148111,12.828736369467608,0.016378911669492832,0.051132213,0.024691358024691357,,0.125,0.009411765,0,0
Mountain High,Sierra Nevada,California,8200,1600,6600,0,0,2,2,2,5,3,14,59,1,1.6,290,275,118,95,108,84,150,73,21,0.053148111,12.828736369467608,0.011176199,0.043097151,0.012345679012345678,0.12436115843270869,0.23728813559322035,0.048275862,0.033898305,0.006896552
Mt. Baldy,Sierra Nevada,California,8600,2100,6500,0,0,0,0,0,4,0,4,26,,2.5,400,80,175,67,178,69,200,,21,0.053148111,12.828736369467608,0.015415446277169724,0.063915267,,,0.15384615384615385,0.01,0,0
Sierra-at-Tahoe,Sierra Nevada,California,8852,2212,6640,0,0,3,0,1,5,5,14,46,6,2.5,2000,200,160,73,460,,144,,21,0.053148111,12.828736369467608,0.077077231,0.058436815,0.074074074,,0.30434782608695654,0.007,0.065217391,0.0015
Ski China Peak,Sierra Nevada,California,8709,1679,7030,0,0,0,1,4,2,4,11,45,1,2.2,1400,150,140,62,300,83,144,,21,0.053148111,12.828736369467608,0.053954062,0.051132213,0.012345679012345678,,0.24444444444444444,0.007857143,0,0
Snow Valley,Sierra Nevada,California,7841,1041,6800,0,0,0,0,5,6,1,12,28,6,1.2,240,188,111,82,160,79,143,164,21,0.053148111,12.828736369467608,0.009249268,0.040540541,0.074074074,0.27938671209540034,0.42857142857142855,0.05,0,0
Soda Springs,Sierra Nevada,California,7352,652,6700,0,0,0,0,1,1,2,4,18,,0.4,200,20,150,83,400,50,144,,21,0.053148111,12.828736369467608,0.007707723,0.054784514,,,0.2222222222222222,0.02,0,0
Sugar Bowl Resort,Sierra Nevada,California,8383,1500,6883,1,0,5,3,1,0,2,12,105,3,3,1650,375,151,80,500,125,150,,21,0.053148111,12.828736369467608,0.063588716,0.055149744,0.037037037037037035,,0.11428571428571428,0.007272727,0.047619047619047616,0.003030303
Tahoe Donner,Sierra Nevada,California,7350,600,6750,0,0,0,1,1,0,3,5,14,2,1,120,,150,48,400,69,144,,21,0.053148111,12.828736369467608,0.004624634,0.054784514,0.024691358024691357,,0.35714285714285715,0.041666666666666664,0,0
Arapahoe Basin Ski Area,Colorado,Colorado,13050,2530,10780,0,0,1,2,1,2,3,9,145,3,1.5,1428,125,230,73,350,85,233,,22,0.3820282784277661,21.13474359713336,0.032690810860308596,0.070595457,0.040540541,,0.062068966,0.006302521,0.006896552,0.00070028
Aspen / Snowmass,Colorado,Colorado,12510,4406,8104,3,1,15,4,3,5,9,40,336,10,5.3,5517,658,138,72,300,179,138,,22,0.3820282784277661,21.13474359713336,0.12629916212627626,0.042357274,0.13513513513513514,,0.11904761904761904,0.007250317,0.044642857142857144,0.002718869
Copper Mountain Resort,Colorado,Colorado,12313,2738,9712,1,2,4,0,4,4,9,24,150,6,1.7,2527,364,164,47,300,158,164,,22,0.3820282784277661,21.13474359713336,0.057849915,0.05033763,0.081081081,,0.16,0.009497428,0.026666667,0.001582905
Purgatory,Colorado,Colorado,10822,2029,8793,0,1,2,0,3,3,3,12,101,9,1.3,1605,250,130,54,260,89,130,,22,0.3820282784277661,21.13474359713336,0.036742823,0.03990178,0.12162162162162163,,0.1188118811881188,0.007476636,0.019801980198019802,0.001246106
Howelsen Hill,Colorado,Colorado,7136,440,6696,0,0,0,0,0,1,3,4,17,1,6,50,25,100,104,150,25,100,10,22,0.3820282784277661,21.13474359713336,0.001144636,0.030693677102516883,0.013513513513513514,0.023364486,0.23529411764705882,0.08,0,0
Loveland,Colorado,Colorado,13010,2210,10800,0,0,1,3,3,2,1,10,94,1,2,1800,240,205,82,422,79,184,,22,0.3820282784277661,21.13474359713336,0.041206904445767134,0.062922038,0.013513513513513514,,0.10638297872340426,0.005555556,0.010638297872340425,0.000555556
Monarch Mountain,Colorado,Colorado,11952,1162,10790,0,0,0,1,0,4,2,7,64,2,1,800,,143,80,350,89,136,,22,0.3820282784277661,21.13474359713336,0.018314179753674283,0.043891958,0.027027027,,0.109375,0.00875,0,0
Powderhorn,Colorado,Colorado,9850,1650,8200,0,0,1,0,0,2,2,5,42,2,1.5,1600,42,111,53,250,71,110,,22,0.3820282784277661,21.13474359713336,0.036628359507348565,0.034069982,0.027027027,,0.11904761904761904,0.003125,0.023809523809523808,0.000625
Silverton Mountain,Colorado,Colorado,13487,3087,10400,0,0,0,0,0,1,0,1,,,1.5,1819,,175,17,400,79,181,,22,0.3820282784277661,21.13474359713336,0.041641866214916896,0.053713934929404544,,,,0.000549753,,0
Cooper,Colorado,Colorado,11700,1200,10500,0,0,0,0,1,1,2,4,41,1,1,400,,130,74,260,56,130,,22,0.3820282784277661,21.13474359713336,0.00915709,0.03990178,0.013513513513513514,,0.097560976,0.01,0,0
Ski Granby Ranch,Colorado,Colorado,9202,1000,8202,0,0,2,0,1,1,1,5,40,1,0.6,406,170,116,36,220,84,92,100,22,0.3820282784277661,21.13474359713336,0.009294446,0.035604665,0.013513513513513514,0.2336448598130841,0.125,0.012315270935960592,0.05,0.004926108
Sunlight Mountain Resort,Colorado,Colorado,9895,2010,7885,0,0,0,0,1,2,0,3,67,1,2.5,680,30,100,53,250,65,135,,22,0.3820282784277661,21.13474359713336,0.015567053,0.030693677102516883,0.013513513513513514,,0.044776119,0.004411765,0,0
Telluride,Colorado,Colorado,13150,4425,8725,2,0,6,1,2,2,4,17,148,3,4.6,2000,220,131,47,280,139,137,,22,0.3820282784277661,21.13474359713336,0.045785449,0.040208717004297116,0.040540541,,0.11486486486486487,0.0085,0.040540541,0.003
Wolf Creek Ski Area,Colorado,Colorado,11904,1604,10300,0,0,3,1,2,1,3,10,120,,2,1600,5,130,80,430,72,150,,22,0.3820282784277661,21.13474359713336,0.036628359507348565,0.03990178,,,0.083333333,0.00625,0.025,0.001875
Mohawk Mountain,Connecticut,Connecticut,1600,650,950,0,0,0,0,5,0,3,8,25,,1.5,107,100,,72,92,65,110,64,5,0.14024151833321272,90.20386072523904,0.2988826815642458,,,0.25,0.32,0.074766355,0,0
Mount Southington Ski Area,Connecticut,Connecticut,525,425,100,0,0,0,0,2,2,3,7,14,2,0.3,51,51,63,55,80,60,95,51,5,0.14024151833321272,90.20386072523904,0.1424581005586592,0.17847025495750707,0.2,0.19921875,0.5,0.13725490196078433,0,0
Powder Ridge Park,Connecticut,Connecticut,720,550,170,0,0,0,0,1,2,2,5,19,4,0.5,80,68,80,60,80,55,100,40,5,0.14024151833321272,90.20386072523904,0.22346368715083798,0.22662889518413598,0.4,0.15625,0.2631578947368421,0.0625,0,0
Ski Sundown,Connecticut,Connecticut,1075,625,450,0,0,0,0,3,0,2,5,16,2,1,70,70,84,50,45,62,95,66,5,0.14024151833321272,90.20386072523904,0.19553072625698323,0.23796033994334279,0.2,0.2578125,0.3125,0.071428571,0,0
Woodbury Ski Area,Connecticut,Connecticut,730,300,430,0,0,0,0,0,1,4,5,12,2,0.2,50,50,126,57,70,42,180,35,5,0.14024151833321272,90.20386072523904,0.13966480446927373,0.35694050991501414,0.2,0.13671875,0.4166666666666667,0.1,0,0
Bogus Basin,Idaho,Idaho,7582,1800,5800,0,0,3,0,1,3,4,11,91,3,1.5,2600,,134,77,250,64,130,165,12,0.6714920833881253,14.359391640440833,0.15857526225908758,0.11795774647887323,0.1111111111111111,0.39759036144578314,0.12087912087912088,0.004230769,0.032967033,0.001153846
Brundage Mountain Resort,Idaho,Idaho,7640,1800,5840,0,0,1,0,4,0,1,6,51,2,3.2,1920,2,126,58,320,70,,,12,0.6714920833881253,14.359391640440833,0.11710173212978775,0.11091549295774648,0.074074074,,0.11764705882352941,0.003125,0.019607843,0.000520833
Kelly Canyon Ski Area,Idaho,Idaho,6600,1000,5600,0,0,0,0,0,4,2,6,51,1,1.3,740,,,62,200,42,,,12,0.6714920833881253,14.359391640440833,0.045132959,,0.037037037037037035,,0.11764705882352941,0.008108108,0,0
Lookout Pass Ski Area,Idaho,Idaho,5650,1150,4500,0,0,0,0,1,3,0,4,35,2,1.5,540,,113,84,400,47,140,,12,0.6714920833881253,14.359391640440833,0.032934862161502806,0.099471831,0.074074074,,0.11428571428571428,0.007407407,0,0
Magic Mountain Ski Area,Idaho,Idaho,7200,700,6500,0,0,0,0,0,1,2,3,11,,1.5,280,,65,81,180,32,70,,12,0.6714920833881253,14.359391640440833,0.017077335935594046,0.05721831,,,0.2727272727272727,0.010714285714285714,0,0
Pebble Creek Ski Area,Idaho,Idaho,8560,2200,6360,0,0,0,0,3,0,0,3,54,2,1.3,1100,30,85,70,250,47,91,30,12,0.6714920833881253,14.359391640440833,0.067089534,0.074823944,0.074074074,0.072289157,0.055555556,0.002727273,0,0
Schweitzer,Idaho,Idaho,6400,2400,4000,0,1,2,0,1,3,2,9,92,3,2.1,2900,47,136,56,300,81,,100,12,0.6714920833881253,14.359391640440833,0.17687240790436692,0.11971830985915492,0.1111111111111111,0.24096385542168675,0.097826087,0.003103448,0.021739130434782608,0.000689655
Silver Mountain,Idaho,Idaho,6300,2200,4100,1,0,0,1,2,2,1,7,80,2,2.5,1600,225,130,29,300,62,193,20,12,0.6714920833881253,14.359391640440833,0.097584777,0.11443661971830986,0.074074074,0.048192771,0.0875,0.004375,0,0
Soldier Mountain Ski Area,Idaho,Idaho,7200,1400,5800,0,0,0,0,0,2,1,3,36,,0.4,1142,,60,71,,43,,,12,0.6714920833881253,14.359391640440833,0.069651134,0.052816901,,,0.083333333,0.00262697,0,0
Tamarack Resort,Idaho,Idaho,7700,2800,4900,0,0,2,2,0,0,2,6,48,3,1.5,1020,200,,15,300,71,150,,12,0.6714920833881253,14.359391640440833,0.062210295193949744,,0.1111111111111111,,0.125,0.005882353,0.041666666666666664,0.001960784
Chestnut Mountain Resort,Illinois,Illinois,1040,475,565,0,0,0,2,4,0,3,9,22,3,0.2,139,139,87,60,50,55,112,139,4,0.031566102,6.906792830749041,0.7277486910994765,0.3936651583710407,0.5,0.7277486910994765,0.4090909090909091,0.064748201,0,0
Ski Snowstar Winter Sports Park,Illinois,Illinois,790,262,528,0,0,0,2,0,2,2,6,15,1,0.8,28,28,56,38,38,35,86,28,4,0.031566102,6.906792830749041,0.14659685863874344,0.25339366515837103,0.16666666666666666,0.14659685863874344,0.4,0.21428571428571427,0,0
Villa Olivia,Illinois,Illinois,500,180,320,0,0,0,1,0,0,6,7,7,1,0.1,15,15,,53,25,40,70,15,4,0.031566102,6.906792830749041,0.078534031,,0.16666666666666666,0.078534031,1,0.4666666666666667,0,0
Paoli Peaks,Indiana,Indiana,900,300,600,0,0,1,1,3,1,2,8,15,2,0.4,65,65,75,41,18,45,80,65,2,0.029707887,5.491488193300384,0.3939393939393939,0.47770700636942676,0.5,0.3939393939393939,0.5333333333333333,0.12307692307692308,0.066666667,0.015384615384615385
Perfect North Slopes,Indiana,Indiana,800,400,400,0,0,0,2,3,0,6,11,23,2,1,100,100,82,39,24,52,90,100,2,0.029707887,5.491488193300384,0.6060606060606061,0.5222929936305732,0.5,0.6060606060606061,0.4782608695652174,0.11,0,0
Mt. Crescent Ski Area,Iowa,Iowa,1500,300,1200,0,0,0,1,0,1,0,2,11,1,0.2,50,50,,58,30,39,,50,3,0.095085054,5.3311534839088015,0.35714285714285715,,0.2,0.35714285714285715,0.18181818181818182,0.04,0,0
Seven Oaks,Iowa,Iowa,975,275,800,0,0,0,0,2,0,2,4,11,2,1,35,35,100,22,40,40,100,35,3,0.095085054,5.3311534839088015,0.25,1,0.4,0.25,0.36363636363636365,0.11428571428571428,0,0
Sundown Mountain,Iowa,Iowa,1059,475,584,0,0,0,1,1,2,2,6,21,2,0.6,55,55,,46,45,46,,55,3,0.095085054,5.3311534839088015,0.39285714285714285,,0.4,0.39285714285714285,0.2857142857142857,0.10909090909090909,0,0
Big Squaw Mountain Ski Resort,Maine,Maine,3200,660,1750,0,0,0,0,1,0,0,1,29,,0.8,,,67,6,,30,58,,9,0.6695372456130432,25.438100621820237,,0.077456647,,,0.034482758620689655,,0,
Camden Snow Bowl,Maine,Maine,1080,850,150,0,0,0,0,1,1,1,3,26,2,1,100,48,68,83,69,43,70,48,9,0.6695372456130432,25.438100621820237,0.031094527,0.078612717,0.11764705882352941,0.12371134020618557,0.11538461538461539,0.03,0,0
Lost Valley,Maine,Maine,495,240,255,0,0,0,0,0,2,2,4,22,2,0.3,45,45,87,58,50,55,104,45,9,0.6695372456130432,25.438100621820237,0.013992537313432836,0.10057803468208093,0.11764705882352941,0.11597938144329897,0.18181818181818182,0.088888889,0,0
Mt. Abram Ski Resort,Maine,Maine,2250,1150,1050,0,0,0,0,0,2,3,5,54,1,0.5,640,175,120,59,125,49,120,,9,0.6695372456130432,25.438100621820237,0.19900497512437812,0.13872832369942195,0.058823529411764705,,0.092592593,0.0078125,0,0
New Hermon Mountain,Maine,Maine,450,350,100,0,0,0,0,0,1,2,3,20,,1.9,70,70,102,55,90,32,117,45,9,0.6695372456130432,25.438100621820237,0.021766169154228857,0.11791907514450867,,0.11597938144329897,0.15,0.042857143,0,0
Shawnee Peak,Maine,Maine,1900,1350,600,0,0,0,1,2,1,2,6,43,3,0.8,239,234,97,81,110,75,103,110,9,0.6695372456130432,25.438100621820237,0.07431592,0.11213872832369942,0.17647058823529413,0.28350515463917525,0.13953488372093023,0.025104603,0,0
Sugarloaf,Maine,Maine,4237,2820,1417,0,0,2,3,1,5,2,13,162,4,3.5,1240,618,159,68,200,99,155,,9,0.6695372456130432,25.438100621820237,0.3855721393034826,0.1838150289017341,0.23529411764705882,,0.080246914,0.010483870967741936,0.012345679012345678,0.001612903
Sunday River,Maine,Maine,3140,2340,800,1,0,4,5,3,1,1,15,135,5,3,870,552,165,60,167,105,169,140,9,0.6695372456130432,25.438100621820237,0.27052238805970147,0.1907514450867052,0.29411764705882354,0.36082474226804123,0.1111111111111111,0.017241379310344827,0.02962963,0.004597701
Wisp,Maryland,Maryland,3115,700,2415,0,0,0,2,5,0,5,12,34,3,1.5,172,118,121,64,100,79,120,118,1,0.016540736525916026,8.060615831049493,1,1,1,1,0.35294117647058826,0.069767442,0,0
Berkshire East,Massachusetts,Massachusetts,1720,1180,540,0,0,0,2,1,1,2,6,47,2,2,180,165,120,68,120,68,120,80,11,0.1595936918707181,104.22588592003032,0.15437392795883362,0.17883755588673622,0.1111111111111111,0.137221269,0.1276595744680851,0.033333333,0,0
Blandford Ski Area,Massachusetts,Massachusetts,1685,465,1035,0,0,0,0,0,3,2,5,29,2,0.5,132,70,,83,50,45,,70,11,0.1595936918707181,104.22588592003032,0.11320754716981132,,0.1111111111111111,0.12006861063464837,0.1724137931034483,0.037878788,0,0
Blue Hills Ski Area,Massachusetts,Massachusetts,635,309,326,0,0,0,0,0,1,3,4,16,1,,60,60,,19,,45,,,11,0.1595936918707181,104.22588592003032,0.051457975986277875,,0.055555556,,0.25,0.066666667,0,0
Bousquet Ski Area,Massachusetts,Massachusetts,1875,750,1125,0,0,0,0,0,3,2,5,23,1,1,200,98,,19,83,49,,100,11,0.1595936918707181,104.22588592003032,0.17152658662092624,,0.055555556,0.17152658662092624,0.21739130434782608,0.025,0,0
Bradford Ski Area,Massachusetts,Massachusetts,1548,248,1300,0,0,0,0,2,0,8,10,15,1,0.3,48,48,,71,,55,,,11,0.1595936918707181,104.22588592003032,0.041166381,,0.055555556,,0.6666666666666666,0.20833333333333334,0,0
Jiminy Peak,Massachusetts,Massachusetts,2380,1150,1230,0,1,0,2,3,1,2,9,45,3,2,167,163,121,71,90,81,120,104,11,0.1595936918707181,104.22588592003032,0.1432246998284734,0.18032786885245902,0.16666666666666666,0.1783876500857633,0.2,0.053892216,0,0
Nashoba Valley,Massachusetts,Massachusetts,440,240,200,0,0,0,0,3,1,7,11,17,2,0.5,52,52,112,55,55,58,126,52,11,0.1595936918707181,104.22588592003032,0.044596912521440824,0.16691505216095381,0.1111111111111111,0.089193825,0.6470588235294118,0.21153846153846154,0,0
Otis Ridge Ski Area,Massachusetts,Massachusetts,1700,400,1300,0,0,0,0,0,1,3,4,11,1,1,60,55,106,73,70,40,106,35,11,0.1595936918707181,104.22588592003032,0.051457975986277875,0.15797317436661698,0.055555556,0.060034305317324184,0.36363636363636365,0.066666667,0,0
Ski Butternut,Massachusetts,Massachusetts,1800,1000,800,0,0,0,3,1,1,6,11,22,2,1.5,110,110,107,56,115,60,110,,11,0.1595936918707181,104.22588592003032,0.094339623,0.15946348733233978,0.1111111111111111,,0.5,0.1,0,0
Wachusett Mountain Ski Area,Massachusetts,Massachusetts,2006,1000,1006,0,0,3,0,1,0,4,8,27,2,1.5,112,112,,57,100,71,120,104,11,0.1595936918707181,104.22588592003032,0.096054889,,0.1111111111111111,0.1783876500857633,0.2962962962962963,0.071428571,0.1111111111111111,0.026785714285714284
Alpine Valley Ski Area,Michigan,Michigan,500,240,126,0,0,0,1,2,5,6,14,25,3,0.2,100,100,,57,20,47,,100,29,0.290381649,29.98531753417292,0.022291574,,0.045454545454545456,0.051387461459403906,0.56,0.14,0,0
Apple Mountain,Michigan,Michigan,820,220,600,0,0,0,1,0,0,5,6,12,,,80,42,,58,52,35,,80,29,0.290381649,29.98531753417292,0.017833259028087384,,,0.041109969167523124,0.5,0.075,0,0
Big Powderhorn Mountain,Michigan,Michigan,1800,600,1200,0,0,0,0,0,9,1,10,45,2,1,253,228,100,55,214,69,108,,29,0.290381649,29.98531753417292,0.056397682,0.041858518208455424,0.030303030303030304,,0.2222222222222222,0.039525691699604744,0,0
Bittersweet Ski Area,Michigan,Michigan,850,350,450,0,0,0,1,7,0,4,12,20,2,0.2,100,100,80,36,90,48,,100,29,0.290381649,29.98531753417292,0.022291574,0.033486814566764334,0.030303030303030304,0.051387461459403906,0.6,0.12,0,0
Big Snow Resort - Blackjack,Michigan,Michigan,850,465,385,0,0,0,0,0,4,2,6,26,2,1,170,86,95,42,210,65,115,,29,0.290381649,29.98531753417292,0.037895675,0.039765592,0.030303030303030304,,0.23076923076923078,0.035294118,0,0
Boyne Highlands,Michigan,Michigan,1290,552,745,0,0,1,3,4,0,2,10,55,4,1.2,435,400,97,56,140,98,120,150,29,0.290381649,29.98531753417292,0.096968346,0.040602763,0.060606061,0.077081192,0.18181818181818182,0.022988505747126436,0.018181818,0.002298851
Caberfae Peaks,Michigan,Michigan,1569,485,1060,0,0,0,1,2,1,1,5,34,2,1.2,200,200,118,82,140,49,130,150,29,0.290381649,29.98531753417292,0.044583148,0.049393051,0.030303030303030304,0.077081192,0.14705882352941177,0.025,0,0
Cannonsburg,Michigan,Michigan,1100,250,850,0,0,0,1,1,1,7,10,21,5,0.1,100,,100,54,100,37,100,,29,0.290381649,29.98531753417292,0.022291574,0.041858518208455424,0.075757576,,0.47619047619047616,0.1,0,0
Crystal Mountain,Michigan,Michigan,1132,375,757,0,0,1,3,2,0,2,8,58,3,0.3,102,96,120,63,132,64,135,56,29,0.290381649,29.98531753417292,0.022737405260811413,0.050230222,0.045454545454545456,0.028776978,0.13793103448275862,0.078431373,0.017241379310344827,0.009803922
Big Snow Resort - Indianhead Mountain,Michigan,Michigan,1935,638,1297,0,0,0,1,1,5,2,9,32,2,1,240,150,120,60,204,49,120,,29,0.290381649,29.98531753417292,0.053499777,0.050230222,0.030303030303030304,,0.28125,0.0375,0,0
Mont Ripley,Michigan,Michigan,1140,440,700,0,0,0,0,0,2,2,4,25,2,0.8,112,112,114,83,275,49,100,100,29,0.290381649,29.98531753417292,0.024966562639322336,0.047718711,0.030303030303030304,0.051387461459403906,0.16,0.035714286,0,0
Mount Bohemia,Michigan,Michigan,1500,900,600,0,0,0,0,1,1,0,2,,,2.3,585,,83,19,273,68,100,,29,0.290381649,29.98531753417292,0.13040570664288897,0.03474257,,,,0.003418803,,0
Mt. Brighton,Michigan,Michigan,1330,230,1100,0,0,0,2,3,0,8,13,25,5,0.1,130,130,111,59,60,59,100,130,29,0.290381649,29.98531753417292,0.028979046,0.046462955211385513,0.075757576,0.0668037,0.52,0.1,0,0
Mt. Holiday Ski Area,Michigan,Michigan,440,200,240,0,0,0,0,0,2,2,4,12,,0.1,45,45,100,70,120,34,90,45,29,0.290381649,29.98531753417292,0.010031208203299153,0.041858518208455424,,0.023124357656731757,0.3333333333333333,0.088888889,0,0
Mount Holly,Michigan,Michigan,1105,350,755,0,0,1,2,3,1,6,13,19,,0.1,100,100,,63,42,45,102,100,29,0.290381649,29.98531753417292,0.022291574,,,0.051387461459403906,0.6842105263157895,0.13,0.052631579,0.01
Mulligan's Hollow Ski Bowl,Michigan,Michigan,700,130,570,0,0,0,0,0,0,5,5,6,,0.2,10,10,,19,60,20,,10,29,0.290381649,29.98531753417292,0.002229157,,,0.005138746,0.8333333333333334,0.5,0,0
Norway Mountain,Michigan,Michigan,1335,500,835,0,0,0,0,1,2,3,6,17,1,1.4,186,186,110,45,100,45,110,40,29,0.290381649,29.98531753417292,0.041462327240303166,0.046044370029300966,0.015151515151515152,0.020554984583761562,0.35294117647058826,0.032258065,0,0
Nubs Nob Ski Area,Michigan,Michigan,1338,427,911,0,0,0,3,4,2,1,10,53,3,0.9,248,248,133,61,135,85,130,160,29,0.290381649,29.98531753417292,0.055283102987070884,0.055671829,0.045454545454545456,0.082219938,0.18867924528301888,0.040322581,0,0
Pine Knob Ski Resort,Michigan,Michigan,1308,300,1009,0,0,0,0,0,0,6,6,14,3,1,80,80,,2019,,57,,,29,0.290381649,29.98531753417292,0.017833259028087384,,0.045454545454545456,,0.42857142857142855,0.075,0,0
Pine Mountain,Michigan,Michigan,1650,500,1150,0,0,0,0,1,2,1,4,28,1,0.5,160,160,110,80,60,45,126,80,29,0.290381649,29.98531753417292,0.035666518,0.046044370029300966,0.015151515151515152,0.041109969167523124,0.14285714285714285,0.025,0,0
Schuss Mountain at Shanty Creek,Michigan,Michigan,1125,450,675,0,0,0,5,0,0,3,8,42,3,1,70,70,94,57,160,78,111,70,29,0.290381649,29.98531753417292,0.015604102,0.039347007115948095,0.045454545454545456,0.035971223,0.19047619047619047,0.11428571428571428,0,0
Ski Brule,Michigan,Michigan,1860,500,1360,0,0,0,0,0,5,7,12,17,3,1,150,150,164,62,150,49,165,40,29,0.290381649,29.98531753417292,0.033437361,0.06864797,0.045454545454545456,0.020554984583761562,0.7058823529411765,0.08,0,0
Snow Snake Mountain Ski Area,Michigan,Michigan,1230,210,1020,0,0,0,0,1,0,5,6,12,2,0,40,40,,72,,35,,40,29,0.290381649,29.98531753417292,0.00891663,,0.030303030303030304,0.020554984583761562,0.5,0.15,0,0
Swiss Valley,Michigan,Michigan,1200,225,975,0,0,0,2,1,0,4,7,11,2,0.1,60,60,89,51,60,42,80,60,29,0.290381649,29.98531753417292,0.013374944271065538,0.037254081,0.030303030303030304,0.030832476875642344,0.6363636363636364,0.11666666666666667,0,0
The Homestead,Michigan,Michigan,900,320,580,0,0,0,0,2,1,2,5,15,1,0.2,16,16,47,34,150,50,42,16,29,0.290381649,29.98531753417292,0.003566652,0.019673503557974047,0.015151515151515152,0.008221994,0.3333333333333333,0.3125,0,0
Timber Ridge,Michigan,Michigan,850,250,600,0,0,0,1,1,2,4,8,16,2,0.3,50,50,80,58,,45,,50,29,0.290381649,29.98531753417292,0.011145786892554615,0.033486814566764334,0.030303030303030304,0.025693730729701953,0.5,0.16,0,0
Afton Alps,Minnesota,Minnesota,1530,350,1180,0,0,0,1,3,14,4,22,48,5,0.5,250,250,135,56,60,60,135,250,14,0.24824314777985515,16.103800496917273,0.16025641025641027,0.090604027,0.1724137931034483,0.24509803921568626,0.4583333333333333,0.088,0,0
Andes Tower Hills Ski Area,Minnesota,Minnesota,1620,290,1330,0,0,0,1,2,0,3,6,15,2,0.2,35,35,100,38,55,45,110,35,14,0.24824314777985515,16.103800496917273,0.022435897435897436,0.067114094,0.068965517,0.034313725,0.4,0.17142857142857143,0,0
Buck Hill,Minnesota,Minnesota,1225,309,919,0,0,0,2,1,0,5,8,16,,0.2,45,45,115,65,60,47,112,45,14,0.24824314777985515,16.103800496917273,0.028846153846153848,0.077181208,,0.044117647,0.5,0.17777777777777778,0,0
Buena Vista Ski Area,Minnesota,Minnesota,1510,230,1280,0,0,0,0,2,2,2,6,17,,0.3,30,30,57,70,78,44,60,30,14,0.24824314777985515,16.103800496917273,0.019230769230769232,0.038255034,,0.029411764705882353,0.35294117647058826,0.2,0,0
Coffee Mill Ski & Snowboard Resort,Minnesota,Minnesota,1150,425,725,0,0,0,0,0,2,1,3,14,1,1,40,35,57,39,48,37,56,35,14,0.24824314777985515,16.103800496917273,0.025641026,0.038255034,0.034482758620689655,0.034313725,0.21428571428571427,0.075,0,0
Elm Creek Winter Recreation Area,Minnesota,Minnesota,928,60,868,0,0,0,0,0,0,3,3,3,,1,15,20,105,13,45,17,102,15,14,0.24824314777985515,16.103800496917273,0.009615385,0.070469799,,0.014705882352941176,1,0.2,0,0
Giants Ridge Resort,Minnesota,Minnesota,1972,500,1472,0,0,1,1,1,2,2,7,35,2,0.8,202,202,120,35,85,58,125,121,14,0.24824314777985515,16.103800496917273,0.1294871794871795,0.080536913,0.068965517,0.11862745098039215,0.2,0.034653465346534656,0.028571429,0.004950495
Hyland Ski & Snowboard Area,Minnesota,Minnesota,1075,175,900,0,0,0,2,1,0,5,8,14,1,1,35,35,110,61,55,35.34,115,35,14,0.24824314777985515,16.103800496917273,0.022435897435897436,0.073825503,0.034482758620689655,0.034313725,0.5714285714285714,0.22857142857142856,0,0
Lutsen Mountains,Minnesota,Minnesota,1688,825,800,1,1,0,0,1,4,1,8,62,2,2,393,231,135,71,120,84,127,,14,0.24824314777985515,16.103800496917273,0.2519230769230769,0.090604027,0.068965517,,0.12903225806451613,0.020356234096692113,0,0
Mount Kato Ski Area,Minnesota,Minnesota,540,240,300,0,0,0,5,0,3,2,10,19,4,1,55,55,115,43,50,46,120,50,14,0.24824314777985515,16.103800496917273,0.035256410256410256,0.077181208,0.13793103448275862,0.049019607843137254,0.5263157894736842,0.18181818181818182,0,0
Powder Ridge Ski Area,Minnesota,Minnesota,790,300,500,0,0,0,1,0,2,3,6,15,4,,60,60,97,58,45,48,113,60,14,0.24824314777985515,16.103800496917273,0.038461538461538464,0.065100671,0.13793103448275862,0.058823529411764705,0.4,0.1,0,0
Spirit Mountain,Minnesota,Minnesota,1320,700,620,0,0,1,1,2,1,2,7,22,3,1,175,175,100,45,100,59,125,144,14,0.24824314777985515,16.103800496917273,0.11217948717948718,0.067114094,0.10344827586206896,0.1411764705882353,0.3181818181818182,0.04,0.045454545454545456,0.005714286
Welch Village,Minnesota,Minnesota,1060,360,700,0,0,0,3,1,4,2,10,50,1,0.8,125,125,114,54,45,60,122,100,14,0.24824314777985515,16.103800496917273,0.080128205,0.076510067,0.034482758620689655,0.098039216,0.2,0.08,0,0
Wild Mountain Ski & Snowboard Area,Minnesota,Minnesota,1113,300,813,0,0,0,4,0,0,4,8,26,4,0.9,100,100,130,47,50,55,140,100,14,0.24824314777985515,16.103800496917273,0.064102564,0.087248322,0.13793103448275862,0.098039216,0.3076923076923077,0.08,0,0
Hidden Valley Ski Area,Missouri,Missouri,2566,310,2316,0,0,0,2,2,0,3,7,17,,0.1,30,30,,37,26,49,,17,2,0.03258694,2.8691523089503206,0.5,,,0.3617021276595745,0.4117647058823529,0.23333333333333334,0,0
Snow Creek,Missouri,Missouri,1100,300,800,0,0,0,0,2,1,2,5,14,2,0.3,30,30,69,33,20,47,85,30,2,0.03258694,2.8691523089503206,0.5,1,1,0.6382978723404256,0.35714285714285715,0.16666666666666666,0,0
Blacktail Mountain Ski Area,Montana,Montana,6676,1440,5236,0,0,0,0,1,2,1,4,27,,0.7,1000,,,21,250,42,,,12,1.1227776020838753,8.161044613710555,0.046707146193367584,,,,0.14814814814814814,0.004,0,0
Bridger Bowl,Montana,Montana,8700,2600,6100,0,0,0,1,6,1,3,11,105,2,1.5,2000,100,122,64,350,63,133,,12,1.1227776020838753,8.161044613710555,0.093414292,0.12828601472134596,0.074074074,,0.10476190476190476,0.0055,0,0
Discovery Ski Area,Montana,Montana,8150,2380,5770,0,0,0,0,5,2,1,8,74,1,1.5,2400,25,116,46,225,49,116,,12,1.1227776020838753,8.161044613710555,0.1120971508640822,0.12197686645636173,0.037037037037037035,,0.10810810810810811,0.003333333,0,0
Great Divide,Montana,Montana,7330,1580,5750,0,0,0,0,0,5,1,6,110,6,3,1600,150,94,78,180,48,100,100,12,1.1227776020838753,8.161044613710555,0.074731434,0.098843323,0.2222222222222222,0.14084507042253522,0.054545455,0.00375,0,0
Lost Trail - Powder Mtn,Montana,Montana,8200,1800,6400,0,0,0,0,0,5,3,8,69,2,2.5,1800,,84,81,325,46,80,,12,1.1227776020838753,8.161044613710555,0.084072863,0.088328076,0.074074074,,0.11594202898550725,0.004444444,0,0
Maverick Mountain,Montana,Montana,8520,2020,6500,0,0,0,0,0,1,1,2,22,,1.3,255,,,83,160,39,,,12,1.1227776020838753,8.161044613710555,0.011910322279308735,,,,0.090909091,0.007843137,0,0
Montana Snowbowl,Montana,Montana,7600,2600,5000,0,0,0,0,0,2,2,4,37,,1.2,950,20,,58,300,50,,10,12,1.1227776020838753,8.161044613710555,0.044371788883699206,,,0.014084507042253521,0.10810810810810811,0.004210526,0,0
Red Lodge Mountain,Montana,Montana,9416,2400,7016,0,0,2,0,1,3,1,7,70,2,2.5,1635,496,142,59,250,67,136,,12,1.1227776020838753,8.161044613710555,0.076366184,0.14931650893796003,0.074074074,,0.1,0.004281346,0.028571429,0.001223242
Showdown Montana,Montana,Montana,8200,1400,6800,0,0,0,0,1,2,1,4,36,1,1.8,640,,86,83,250,47,85,,12,1.1227776020838753,8.161044613710555,0.029892573563755253,0.090431125,0.037037037037037035,,0.1111111111111111,0.00625,0,0
Teton Pass Ski Resort,Montana,Montana,7200,1010,6190,0,0,0,0,0,1,2,3,43,1,3,330,,40,54,250,39,150,,12,1.1227776020838753,8.161044613710555,0.015413358243811303,0.042060988,0.037037037037037035,,0.069767442,0.009090909,0,0
Big Mountain Resort,Montana,Montana,6817,2353,4464,0,0,3,2,6,0,3,14,105,4,3.3,3000,600,123,72,333,81,123,600,12,1.1227776020838753,8.161044613710555,0.14012143858010276,0.12933753943217666,0.14814814814814814,0.8450704225352113,0.13333333333333333,0.004666667,0.028571429,0.001
Diamond Peak,Sierra Nevada,Nevada,8540,1840,6700,0,0,1,2,0,3,1,7,30,3,2.5,655,492,100,53,300,99,122,,4,0.12986355236552954,3.617552364,0.3104265402843602,0.24096385542168675,0.3333333333333333,,0.23333333333333334,0.010687022900763359,0.033333333,0.001526718
Elko SnoBowl,Nevada,Nevada,7000,700,6300,0,0,0,0,0,1,1,2,10,,1,60,2,19,23,24,20,30,,4,0.12986355236552954,3.617552364,0.028436019,0.045783133,,,0.2,0.033333333,0,0
Lee Canyon,Nevada,Nevada,11289,860,8510,0,0,0,2,1,0,0,3,24,1,0.3,195,50,144,56,161,70,150,,4,0.12986355236552954,3.617552364,0.092417062,0.3469879518072289,0.1111111111111111,,0.125,0.015384615384615385,0,0
Mt. Rose - Ski Tahoe,Sierra Nevada,Nevada,9700,1800,8260,0,2,0,2,2,0,2,8,65,5,2.5,1200,330,152,55,350,135,150,,4,0.12986355236552954,3.617552364,0.5687203791469194,0.36626506024096384,0.5555555555555556,,0.12307692307692308,0.006666667,0,0
Attitash,New Hampshire,New Hampshire,2350,1750,600,0,0,2,1,3,2,1,9,68,3,3,311,240,115,54,120,89,130,,16,1.1767206413715856,171.14129853460264,0.090749927,0.062263129399025445,0.069767442,,0.1323529411764706,0.028938906752411574,0.029411764705882353,0.006430868
Black Mountain,New Hampshire,New Hampshire,2350,1100,1250,0,0,0,0,1,1,3,5,45,,1.6,143,120,110,84,125,59,107,,16,1.1767206413715856,171.14129853460264,0.041727458,0.059556037,,,0.1111111111111111,0.034965035,0,0
Bretton Woods,New Hampshire,New Hampshire,3100,1500,1600,0,0,4,1,1,0,3,9,63,2,2,464,427,180,46,200,99,180,45,16,1.1767206413715856,171.14129853460264,0.13539538955354538,0.097455333,0.046511627906976744,0.1196808510638298,0.14285714285714285,0.019396552,0.063492063,0.00862069
Cannon Mountain,New Hampshire,New Hampshire,4080,2180,1900,1,0,1,2,3,1,3,11,97,3,2.3,285,192,124,81,160,79,143,,16,1.1767206413715856,171.14129853460264,0.083163116,0.067135896,0.069767442,,0.1134020618556701,0.038596491,0.010309278350515464,0.003508772
Crotched Mountain,New Hampshire,New Hampshire,2066,1016,1050,0,0,1,1,1,1,1,5,25,3,1.2,100,100,105,16,105,69,100,100,16,1.1767206413715856,171.14129853460264,0.029180040852057193,0.056848944,0.069767442,0.26595744680851063,0.2,0.05,0.04,0.01
Dartmouth Skiway,New Hampshire,New Hampshire,1943,969,974,0,0,0,1,0,1,2,4,28,1,1.1,107,54,104,63,100,50,105,,16,1.1767206413715856,171.14129853460264,0.031222643711701196,0.056307525717379535,0.023255813953488372,,0.14285714285714285,0.037383177570093455,0,0
Gunstock,New Hampshire,New Hampshire,2300,1400,900,0,0,1,2,2,0,1,6,55,4,1.5,227,176,106,82,120,92,,60,16,1.1767206413715856,171.14129853460264,0.066238693,0.057390362750406064,0.093023256,0.1595744680851064,0.10909090909090909,0.026431718,0.018181818,0.004405286
King Pine,New Hampshire,New Hampshire,850,350,500,0,0,0,0,3,0,3,6,17,2,0.3,48,45,105,57,120,58,107,23,16,1.1767206413715856,171.14129853460264,0.014006419608987453,0.056848944,0.046511627906976744,0.061170212765957445,0.35294117647058826,0.125,0,0
Mount Sunapee,New Hampshire,New Hampshire,2743,1510,1233,0,0,2,1,2,1,4,10,66,4,0.8,232,215,130,71,100,93,136,,16,1.1767206413715856,171.14129853460264,0.067697695,0.070384407,0.093023256,,0.15151515151515152,0.043103448,0.030303030303030304,0.00862069
Pats Peak,New Hampshire,New Hampshire,1460,770,690,0,0,0,0,4,2,5,11,28,3,1.5,115,115,109,56,100,72,112,93,16,1.1767206413715856,171.14129853460264,0.033557047,0.059014618,0.069767442,0.2473404255319149,0.39285714285714285,0.095652174,0,0
Ragged Mountain Resort,New Hampshire,New Hampshire,2250,1250,1000,0,1,1,0,1,0,3,6,57,3,0.7,250,200,,54,100,84,140,,16,1.1767206413715856,171.14129853460264,0.072950102,,0.069767442,,0.10526315789473684,0.024,0.017543859649122806,0.004
Waterville Valley,New Hampshire,New Hampshire,4004,2020,1984,0,0,2,0,2,3,4,11,62,4,1.9,265,220,142,54,148,93,142,,16,1.1767206413715856,171.14129853460264,0.077327108,0.076881429,0.093023256,,0.1774193548387097,0.041509434,0.032258065,0.00754717
Whaleback Mountain,New Hampshire,New Hampshire,1800,700,1100,0,0,0,0,0,1,3,4,30,1,1,85,60,105,64,110,45,105,55,16,1.1767206413715856,171.14129853460264,0.024803034724248614,0.056848944,0.023255813953488372,0.14627659574468085,0.13333333333333333,0.047058823529411764,0,0
Wildcat Mountain,New Hampshire,New Hampshire,4062,2112,1950,0,0,1,0,3,0,1,5,48,,2.8,225,200,156,61,200,89,150,,16,1.1767206413715856,171.14129853460264,0.065655092,0.084461289,,,0.10416666666666667,0.022222222222222223,0.020833333333333332,0.004444444
Mountain Creek Resort,New Jersey,New Jersey,1480,1040,440,1,0,2,2,1,1,3,10,46,3,2,167,167,90,54,65,79.99,100,167,2,0.022516969351027167,22.927891780350798,0.8789473684210526,0.5294117647058824,0.75,0.9226519337016574,0.21739130434782608,0.059880239520958084,0.043478260869565216,0.011976047904191617
Angel Fire Resort,New Mexico,New Mexico,10677,2077,8600,0,0,2,0,0,3,2,7,81,3,3,560,230,101,53,210,77,101,50,9,0.4292195500920676,7.401924500370097,0.10721807390388666,0.10455486542443064,0.16666666666666666,1,0.086419753,0.0125,0.024691358024691357,0.003571429
Enchanted Forest Ski Area,New Mexico,New Mexico,10078,400,9820,0,0,0,0,0,0,0,0,33,,2.5,600,,130,34,240,20,140,,9,0.4292195500920676,7.401924500370097,0.11487650775416428,0.13457556935817805,,,0,0,0,0
Pajarito Mountain Ski Area,New Mexico,New Mexico,10441,1410,9031,0,0,0,1,1,3,1,6,45,2,0.6,750,35,89,62,163,49,117,,9,0.4292195500920676,7.401924500370097,0.14359563469270534,0.092132505,0.1111111111111111,,0.13333333333333333,0.008,0,0
Red River,New Mexico,New Mexico,10350,1600,8750,0,0,0,1,3,1,2,7,63,3,2.5,209,,110,60,214,79,,,9,0.4292195500920676,7.401924500370097,0.040015317,0.11387163561076605,0.16666666666666666,,0.1111111111111111,0.033492823,0,0
Sandia Peak,New Mexico,New Mexico,10378,1700,8678,0,0,0,0,0,4,1,5,39,1,2,200,30,32,82,100,55,38,,9,0.4292195500920676,7.401924500370097,0.038292169,0.033126293995859216,0.055555556,,0.1282051282051282,0.025,0,0
Sipapu Ski Resort,New Mexico,New Mexico,9255,1055,8200,0,0,0,1,2,0,3,6,42,4,0.5,200,140,127,67,190,47,143,,9,0.4292195500920676,7.401924500370097,0.038292169,0.13146997929606624,0.2222222222222222,,0.14285714285714285,0.03,0,0
Ski Apache,New Mexico,New Mexico,11500,1900,9600,1,0,0,2,6,0,2,11,55,3,2,750,270,133,58,185,74,124,,9,0.4292195500920676,7.401924500370097,0.14359563469270534,0.13768115942028986,0.16666666666666666,,0.2,0.014666666666666666,0,0
Ski Santa Fe,New Mexico,New Mexico,12075,1725,10350,0,0,0,1,2,2,2,7,83,1,3,660,275,107,73,225,80,130,,9,0.4292195500920676,7.401924500370097,0.1263641585295807,0.11076604554865424,0.055555556,,0.084337349,0.010606060606060607,0,0
Taos Ski Valley,New Mexico,New Mexico,12481,3281,9200,1,0,1,3,4,1,4,14,111,1,5,1294,647,137,64,300,110,136,,9,0.4292195500920676,7.401924500370097,0.24775033505648095,0.14182194616977226,0.055555556,,0.12612612612612611,0.010819165378670788,0.009009009,0.000772798
Belleayre,New York,New York,3429,1404,2025,1,0,1,1,1,2,2,8,50,2,2.2,175,168,154,70,130,72,150,,33,0.16963475221837276,60.48941435248832,0.031737396,0.064597315,0.027777777777777776,,0.16,0.045714285714285714,0.02,0.005714286
Brantling Ski Slopes,New York,New York,850,250,600,0,0,0,0,0,0,5,5,10,,0.1,20,16,,19,110,32,,,33,0.16963475221837276,60.48941435248832,0.003627131,,,,0.5,0.25,0,0
Bristol Mountain,New York,New York,2200,1200,1000,0,0,2,1,1,1,1,6,34,3,2,160,148,129,55,60,76,129,154,33,0.16963475221837276,60.48941435248832,0.029017047515415305,0.054110738255033555,0.041666666666666664,0.054301833568406205,0.17647058823529413,0.0375,0.058823529411764705,0.0125
Buffalo Ski Club Ski Area,New York,New York,3429,500,2025,0,0,0,0,0,2,4,6,43,1,,225,150,,12,,50,,100,33,0.16963475221837276,60.48941435248832,0.040805223068552776,,0.013888888888888888,0.035260931,0.13953488372093023,0.026666667,0,0
Catamount,New York,New York,2000,1000,1000,0,0,0,1,1,2,3,7,36,5,2,133,130,100,80,108,69,90,55,33,0.16963475221837276,60.48941435248832,0.024120420747188974,0.041946309,0.069444444,0.019393511988716503,0.19444444444444445,0.052631579,0,0
Dry Hill Ski Area,New York,New York,950,300,650,0,0,0,0,0,1,2,3,7,1,0.2,35,26,,55,125,35,,26,33,0.16963475221837276,60.48941435248832,0.006347479,,0.013888888888888888,0.009167842,0.42857142857142855,0.085714286,0,0
Gore Mountain,New York,New York,3600,2537,998,1,0,2,2,3,2,4,14,110,7,4.5,439,338,142,55,150,88,,15,33,0.16963475221837276,60.48941435248832,0.079615524,0.059563758,0.097222222,0.00528914,0.12727272727272726,0.031890661,0.018181818,0.004555809
Greek Peak,New York,New York,2100,952,1148,0,0,0,1,1,4,2,8,56,4,1.5,220,184,110,62,122,63.2,113,175,33,0.16963475221837276,60.48941435248832,0.03989844,0.04614094,0.055555556,0.061706629,0.14285714285714285,0.036363636,0,0
Holiday Mountain,New York,New York,1550,400,1150,0,0,0,1,0,1,2,4,9,,0.4,37,37,75,60,50,42,85,37,33,0.16963475221837276,60.48941435248832,0.006710192,0.031459731543624164,,0.013046544,0.4444444444444444,0.10810810810810811,0,0
Holiday Valley,New York,New York,2250,750,1500,0,0,3,8,0,0,2,13,60,5,1,290,266,116,62,180,78,129,189,33,0.16963475221837276,60.48941435248832,0.052593399,0.048657718,0.069444444,0.066643159,0.21666666666666667,0.044827586,0.05,0.010344827586206896
Holimont Ski Area,New York,New York,2260,700,1560,0,0,1,1,2,3,1,8,53,3,1.5,135,135,110,57,180,75,119,,33,0.16963475221837276,60.48941435248832,0.024483133841131665,0.04614094,0.041666666666666664,,0.1509433962264151,0.059259259,0.018867924528301886,0.007407407
Hunt Hollow Ski Club,New York,New York,2030,825,1000,0,0,0,0,1,1,1,3,19,1,1,400,400,,52,130,58,75,400,33,0.16963475221837276,60.48941435248832,0.072542619,,0.013888888888888888,0.14104372355430184,0.15789473684210525,0.0075,0,0
Hunter Mountain,New York,New York,3200,1600,1600,0,2,1,2,2,2,4,13,67,4,2,320,320,148,59,120,89,155,,33,0.16963475221837276,60.48941435248832,0.058034095,0.062080537,0.055555556,,0.19402985074626866,0.040625,0.014925373134328358,0.003125
Kissing Bridge,New York,New York,1700,550,1150,0,0,0,2,1,4,3,10,39,5,0.5,700,550,103,59,120,60,100,650,33,0.16963475221837276,60.48941435248832,0.12694958287994196,0.043204698,0.069444444,0.22919605077574048,0.2564102564102564,0.014285714285714285,0,0
Labrador Mt.,New York,New York,1825,700,1125,0,0,0,0,1,2,1,4,23,1,1,250,237,,62,125,59,100,180,33,0.16963475221837276,60.48941435248832,0.045339137,,0.013888888888888888,0.063469676,0.17391304347826086,0.016,0,0
Maple Ski Ridge,New York,New York,1200,450,750,0,0,0,0,1,1,1,3,10,,0.3,25,25,,57,,38,,20,33,0.16963475221837276,60.48941435248832,0.004533914,,,0.007052186,0.3,0.12,0,0
McCauley Mountain Ski Center,New York,New York,2250,633,1563,0,0,0,0,0,1,4,5,23,1,0.3,70,55,105,61,200,30,105,,33,0.16963475221837276,60.48941435248832,0.012694958287994197,0.044043624161073824,0.013888888888888888,,0.21739130434782608,0.071428571,0,0
Mount Peter Ski Area,New York,New York,1250,450,750,0,0,0,1,0,2,2,5,14,1,1,69,69,100,83,50,54,100,69,33,0.16963475221837276,60.48941435248832,0.012513601741022852,0.041946309,0.013888888888888888,0.024330042313117067,0.35714285714285715,0.072463768,0,0
Oak Mountain,New York,New York,2400,650,1750,0,0,0,1,0,0,3,4,22,1,1.2,46,18,,71,120,40,,12,33,0.16963475221837276,60.48941435248832,0.008342401,,0.013888888888888888,0.004231312,0.18181818181818182,0.086956522,0,0
Peek'n Peak,New York,New York,1800,400,1400,0,0,0,0,8,0,2,10,27,4,2.4,110,110,110,55,225,63,,110,33,0.16963475221837276,60.48941435248832,0.01994922,0.04614094,0.055555556,0.038787023977433006,0.37037037037037035,0.090909091,0,0
Plattekill Mountain,New York,New York,3500,1100,2400,0,0,0,0,1,1,2,4,38,1,2,110,75,65,26,175,67,65,,33,0.16963475221837276,60.48941435248832,0.01994922,0.027265101,0.013888888888888888,,0.10526315789473684,0.036363636,0,0
Royal Mountain Ski Area,New York,New York,1800,550,1250,0,0,0,0,0,3,0,3,14,,0.3,35,28,,63,90,45,,,33,0.16963475221837276,60.48941435248832,0.006347479,,,,0.21428571428571427,0.085714286,0,0
Snow Ridge,New York,New York,2000,650,1350,0,0,0,0,0,4,2,6,21,2,0.8,130,65,73,74,230,48,100,40,33,0.16963475221837276,60.48941435248832,0.023576351106274936,0.030620805369127518,0.027777777777777776,0.014104372355430184,0.2857142857142857,0.046153846153846156,0,0
Song Mountain,New York,New York,1940,700,1240,0,0,0,0,1,1,3,5,24,,0.4,93,70,90,55,125,59,122,70,33,0.16963475221837276,60.48941435248832,0.016866158868335146,0.037751677852348994,,0.024682652,0.20833333333333334,0.053763440860215055,0,0
Swain,New York,New York,1970,650,1320,0,0,0,3,0,1,1,5,35,3,1,130,90,102,72,120,59,100,80,33,0.16963475221837276,60.48941435248832,0.023576351106274936,0.042785235,0.041666666666666664,0.028208744710860368,0.14285714285714285,0.038461538461538464,0,0
Thunder Ridge,New York,New York,1270,500,770,0,0,0,0,1,2,3,6,30,,0.4,100,100,121,60,,57,121,100,33,0.16963475221837276,60.48941435248832,0.018135654697134566,0.050755034,,0.035260931,0.2,0.06,0,0
Titus Mountain,New York,New York,2025,1200,825,0,0,0,0,2,6,2,10,50,3,2,200,150,101,59,150,49,100,70,33,0.16963475221837276,60.48941435248832,0.036271309,0.042365772,0.041666666666666664,0.024682652,0.2,0.05,0,0
Toggenburg Mountain,New York,New York,2000,700,1300,0,0,0,0,1,1,3,5,22,2,0.4,85,,,66,130,55,122,73,33,0.16963475221837276,60.48941435248832,0.015415306492564382,,0.027777777777777776,0.025740479548660086,0.22727272727272727,0.058823529411764705,0,0
West Mountain,New York,New York,1470,1010,460,0,0,0,0,1,2,2,5,29,1,0.6,124,105,,58,80,59,120,105,33,0.16963475221837276,60.48941435248832,0.022488211824446862,,0.013888888888888888,0.037023977,0.1724137931034483,0.040322581,0,0
Whiteface Mountain Resort,New York,New York,4650,3430,1220,1,0,1,1,2,5,2,12,86,5,2.1,288,220,122,61,168,96,141,,33,0.16963475221837276,60.48941435248832,0.052230686,0.051174496644295304,0.069444444,,0.13953488372093023,0.041666666666666664,0.011627906976744186,0.003472222
Willard Mountain,New York,New York,1415,505,910,0,0,0,0,0,2,3,5,16,,0.4,50,35,85,19,80,46,120,35,33,0.16963475221837276,60.48941435248832,0.009067827,0.035654362,,0.012341326,0.3125,0.1,0,0
Windham Mountain,New York,New York,3100,1600,1500,0,1,2,0,3,1,5,12,54,6,2,285,280,123,59,105,95,130,56,33,0.16963475221837276,60.48941435248832,0.051686615886833515,0.051593959731543626,0.083333333,0.019746121297602257,0.2222222222222222,0.042105263157894736,0.037037037037037035,0.007017544
Woods Valley Ski Area,New York,New York,1400,500,900,0,0,0,0,0,2,4,6,21,,0.3,25,16,,55,180,39,,15,33,0.16963475221837276,60.48941435248832,0.004533914,,,0.00528914,0.2857142857142857,0.24,0,0
Appalachian Ski Mountain,North Carolina,North Carolina,4000,365,3635,0,0,0,2,0,1,2,5,12,3,0.5,27,27,100,57,50,64,100,27,6,0.057207779800390615,11.148479161634366,0.072972973,0.1976284584980237,0.3333333333333333,0.080597015,0.4166666666666667,0.18518518518518517,0,0
Cataloochee Ski Area,North Carolina,North Carolina,5400,740,4660,0,0,0,1,1,1,2,5,18,2,1,50,50,141,58,50,70,108,50,6,0.057207779800390615,11.148479161634366,0.13513513513513514,0.27865612648221344,0.2222222222222222,0.14925373134328357,0.2777777777777778,0.1,0,0
Sapphire Valley,North Carolina,North Carolina,3450,200,3200,0,0,0,1,0,0,2,3,,1,1,8,8,53,55,24,43,60,8,6,0.057207779800390615,11.148479161634366,0.021621621621621623,0.10474308300395258,0.1111111111111111,0.023880597014925373,,0.375,,0
Beech Mountain Resort,North Carolina,North Carolina,5506,830,4675,0,0,0,3,0,3,2,8,17,1,1,95,95,98,52,31,68,,95,6,0.057207779800390615,11.148479161634366,0.25675675675675674,0.19367588932806323,0.1111111111111111,0.2835820895522388,0.47058823529411764,0.084210526,0,0
Sugar Mountain Resort,North Carolina,North Carolina,5300,1200,4100,0,1,0,0,1,4,2,8,21,1,1.5,125,125,114,50,77,75,120,95,6,0.057207779800390615,11.148479161634366,0.33783783783783783,0.22529644268774704,0.1111111111111111,0.2835820895522388,0.38095238095238093,0.064,0,0
Wolf Ridge Ski Resort,North Carolina,North Carolina,4700,720,4000,0,0,0,1,0,1,2,4,15,1,0.6,65,65,,49,65,65,100,60,6,0.057207779800390615,11.148479161634366,0.17567567567567569,,0.1111111111111111,0.1791044776119403,0.26666666666666666,0.061538462,0,0
Alpine Valley,Ohio,Ohio,1500,230,1260,0,0,0,1,2,1,1,5,11,1,0.2,72,72,105,53,120,43,,72,5,0.042774892848893416,11.154240842368269,0.171021378,0.2147239263803681,0.083333333,0.171021378,0.45454545454545453,0.069444444,0,0
Boston Mills,Ohio,Ohio,871,264,631,0,0,0,0,4,2,2,8,7,2,0.3,40,40,92,56,51,44,110,40,5,0.042774892848893416,11.154240842368269,0.095011876,0.18813905930470348,0.16666666666666666,0.095011876,1.1428571428571428,0.2,0,0
Brandywine,Ohio,Ohio,871,240,631,0,0,0,2,7,2,5,16,11,2,0.3,85,85,92,56,51,44,110,85,5,0.042774892848893416,11.154240842368269,0.20190023752969122,0.18813905930470348,0.16666666666666666,0.20190023752969122,1.4545454545454546,0.18823529411764706,0,0
Mad River Mountain,Ohio,Ohio,1460,300,1160,0,0,0,1,2,3,6,12,20,4,0.5,144,144,99,57,36,44,90,144,5,0.042774892848893416,11.154240842368269,0.342042755,0.20245398773006135,0.3333333333333333,0.342042755,0.6,0.083333333,0,0
Snow Trails,Ohio,Ohio,1475,301,1174,0,0,0,0,4,2,3,9,17,3,0.2,80,80,101,58,50,52,70,80,5,0.042774892848893416,11.154240842368269,0.19002375296912113,0.2065439672801636,0.25,0.19002375296912113,0.5294117647058824,0.1125,0,0
Anthony Lakes Mountain Resort,Oregon,Oregon,8000,900,7100,0,0,0,0,1,0,2,3,21,2,1.5,1100,,75,56,300,40,80,,10,0.23709396768930827,10.164770936886937,0.093426193,0.063559322,0.090909091,,0.14285714285714285,0.002727273,0,0
Cooper Spur,Mt. Hood,Oregon,4000,350,3500,0,0,0,0,0,1,1,2,10,,0.1,50,,78,66,100,39,90,,10,0.23709396768930827,10.164770936886937,0.004246645,0.066101695,,,0.2,0.04,0,0
Hoodoo Ski Area,Oregon,Oregon,5703,1035,4668,0,0,0,3,1,1,0,5,34,,0.4,806,,80,81,350,59,108,200,10,0.23709396768930827,10.164770936886937,0.06845592,0.06779661,,0.1774622892635315,0.14705882352941177,0.006203474,0,0
Mt. Ashland,Oregon,Oregon,7533,1150,6383,0,0,0,0,2,2,1,5,23,2,1,220,,94,55,300,52,92,40,10,0.23709396768930827,10.164770936886937,0.018685238661457448,0.079661017,0.090909091,0.035492458,0.21739130434782608,0.022727272727272728,0,0
Mt. Bachelor,Oregon,Oregon,9065,3365,5700,0,0,8,0,3,0,0,11,101,5,4,4318,20,185,61,462,99,185,,10,0.23709396768930827,10.164770936886937,0.36674027518260577,0.15677966101694915,0.22727272727272727,,0.10891089108910891,0.002547476,0.079207921,0.00185271
Mt. Hood Skibowl,Mt. Hood,Oregon,5100,1500,3600,0,0,0,0,0,4,5,9,65,2,3,960,29,125,82,300,70,144,317,10,0.23709396768930827,10.164770936886937,0.081535587,0.1059322033898305,0.090909091,0.28127772848269744,0.13846153846153847,0.009375,0,0
Willamette Pass,Oregon,Oregon,6683,1563,5120,0,1,0,0,3,0,1,5,29,,2.1,555,60,3,78,430,60,100,,10,0.23709396768930827,10.164770936886937,0.047137761168676746,0.002542373,,,0.1724137931034483,0.009009009,0,0
Bear Creek Mountain Resort,Pennsylvania,Pennsylvania,1100,510,600,0,0,0,3,1,0,2,6,23,3,1,86,86,91,52,30,60,90,86,19,0.14841443778775315,41.255916967038694,0.045550847457627115,0.064814815,0.063829787,0.056282723,0.2608695652173913,0.069767442,0,0
Ski Big Bear,Pennsylvania,Pennsylvania,1250,650,600,0,0,0,0,0,4,2,6,18,1,1.5,26,26,75,43,69,62,75,26,19,0.14841443778775315,41.255916967038694,0.013771186440677966,0.053418803418803416,0.021276596,0.017015706806282723,0.3333333333333333,0.23076923076923078,0,0
Big Boulder,Pennsylvania,Pennsylvania,2175,600,1700,0,0,0,0,2,5,1,8,16,8,,55,55,76,72,50,65,95,55,19,0.14841443778775315,41.255916967038694,0.029131356,0.054131054,0.1702127659574468,0.035994764,0.5,0.14545454545454545,0,0
Blue Knob,Pennsylvania,Pennsylvania,3146,1072,2074,0,0,0,0,2,2,2,6,34,1,2,100,84,87,56,120,68,105,42,19,0.14841443778775315,41.255916967038694,0.052966102,0.061965812,0.021276596,0.027486911,0.17647058823529413,0.06,0,0
Blue Mountain Resort,Pennsylvania,Pennsylvania,1600,1082,460,0,1,1,1,1,3,9,16,39,5,1.2,164,164,122,42,33,65,112,164,19,0.14841443778775315,41.255916967038694,0.086864407,0.086894587,0.10638297872340426,0.10732984293193717,0.41025641025641024,0.097560976,0.025641026,0.006097561
Camelback Mountain Resort,Pennsylvania,Pennsylvania,2100,800,1250,0,0,2,0,3,5,6,16,37,5,1,166,166,100,56,50,70,100,160,19,0.14841443778775315,41.255916967038694,0.087923729,0.071225071,0.10638297872340426,0.10471204188481675,0.43243243243243246,0.096385542,0.054054054,0.012048192771084338
Elk Mountain Ski Resort,Pennsylvania,Pennsylvania,2693,1000,1693,0,0,0,1,0,5,1,7,27,2,0.7,180,146,,60,60,69,100,90,19,0.14841443778775315,41.255916967038694,0.095338983,,0.042553191,0.058900523560209424,0.25925925925925924,0.038888889,0,0
Jack Frost,Pennsylvania,Pennsylvania,2000,600,1400,0,0,0,1,2,5,1,9,20,1,1,100,100,96,47,50,65,105,,19,0.14841443778775315,41.255916967038694,0.052966102,0.068376068,0.021276596,,0.45,0.09,0,0
Liberty,Pennsylvania,Pennsylvania,1190,620,570,0,0,0,5,0,0,3,8,16,3,1,100,100,107,54,31,77,97,100,19,0.14841443778775315,41.255916967038694,0.052966102,0.076210826,0.063829787,0.065445026,0.5,0.08,0,0
Mount Pleasant of Edinboro,Pennsylvania,Pennsylvania,1540,340,1200,0,0,0,0,1,0,1,2,10,,0.5,40,35,75,48,100,33,90,35,19,0.14841443778775315,41.255916967038694,0.021186441,0.053418803418803416,,0.022905759162303665,0.2,0.05,0,0
Roundtop Mountain Resort,Pennsylvania,Pennsylvania,1400,600,800,0,0,0,3,2,0,3,8,20,2,0.4,103,103,,55,30,73,,100,19,0.14841443778775315,41.255916967038694,0.054555085,,0.042553191,0.065445026,0.4,0.077669903,0,0
Seven Springs,Pennsylvania,Pennsylvania,2994,750,2240,0,2,0,3,5,0,4,14,33,7,1.2,285,285,99,87,135,87,115,200,19,0.14841443778775315,41.255916967038694,0.15095338983050846,0.070512821,0.14893617021276595,0.13089005235602094,0.42424242424242425,0.049122807,0,0
Shawnee Mountain Ski Area,Pennsylvania,Pennsylvania,1350,700,650,0,0,1,1,0,4,4,10,23,2,1.6,125,125,100,44,50,65,122,120,19,0.14841443778775315,41.255916967038694,0.066207627,0.071225071,0.042553191,0.078534031,0.43478260869565216,0.08,0.043478260869565216,0.008
Ski Sawmill,Pennsylvania,Pennsylvania,2215,515,1700,0,0,0,0,1,1,3,5,14,1,0.1,15,13,,50,24,44,90,15,19,0.14841443778775315,41.255916967038694,0.007944915,,0.021276596,0.009816754,0.35714285714285715,0.3333333333333333,0,0
Montage Mountain,Pennsylvania,Pennsylvania,1960,1000,960,0,0,0,1,3,1,2,7,26,1,1.2,140,140,60,35,47,,90,140,19,0.14841443778775315,41.255916967038694,0.074152542,0.042735042735042736,0.021276596,0.091623037,0.2692307692307692,0.05,0,0
Tussey Mountain,Pennsylvania,Pennsylvania,1750,520,1230,0,0,0,1,0,1,3,5,8,1,0.3,38,30,100,39,41,45,100,30,19,0.14841443778775315,41.255916967038694,0.020127118644067795,0.071225071,0.021276596,0.019633508,0.625,0.13157894736842105,0,0
Whitetail Resort,Pennsylvania,Pennsylvania,1800,935,865,0,0,1,3,0,2,2,8,23,2,1,120,120,116,28,40,71,100,120,19,0.14841443778775315,41.255916967038694,0.063559322,0.082621083,0.042553191,0.078534031,0.34782608695652173,0.066666667,0.043478260869565216,0.008333333
Deer Mountain Ski Resort,South Dakota,South Dakota,6850,940,6040,0,0,0,0,1,1,2,4,63,2,1.6,500,50,69,51,200,45,81,,2,0.22607581000136776,2.593495513252762,0.5263157894736842,0.3770491803278688,0.6666666666666666,,0.063492063,0.008,0,0
Terry Peak Ski Area,South Dakota,South Dakota,7100,1100,5900,0,0,3,0,1,0,1,5,30,1,1.2,450,225,114,65,150,58,120,,2,0.22607581000136776,2.593495513252762,0.47368421052631576,0.6229508196721312,0.3333333333333333,,0.16666666666666666,0.011111111111111112,0.1,0.006666667
Ober Gatlinburg Ski Resort,Tennessee,Tennessee,3300,600,2700,0,0,0,2,0,1,1,4,10,1,1,,,83,44,35,65,94,,1,0.014643059321669063,2.3728170083523157,,1,1,,0.4,,0,
Alta Ski Area,Salt Lake City,Utah,11068,2538,8530,0,0,3,0,1,2,0,6,116,,1.3,2614,140,150,81,545,116,140,,13,0.4054950189615709,15.312673003757494,0.085682444,0.097150259,,,0.051724138,0.002295333,0.025862069,0.001147666
Beaver Mountain,Utah,Utah,8600,1600,7232,0,0,0,0,1,3,1,5,48,2,0.8,464,,120,81,400,50,120,,13,0.4054950189615709,15.312673003757494,0.015209125475285171,0.077720207,0.076923077,,0.10416666666666667,0.010775862068965518,0,0
Brian Head Resort,Utah,Utah,10970,1548,9600,0,0,1,0,6,1,0,8,71,2,0.6,650,216,149,54,360,59,148,,13,0.4054950189615709,15.312673003757494,0.021305887,0.096502591,0.076923077,,0.11267605633802817,0.012307692307692308,0.014084507042253521,0.001538462
Brighton Resort,Salt Lake City,Utah,10500,1745,8755,0,0,3,1,1,0,2,7,66,4,1.2,1050,200,138,83,500,85,138,200,13,0.4054950189615709,15.312673003757494,0.034417202,0.089378238,0.15384615384615385,0.3115264797507788,0.10606060606060606,0.006666667,0.045454545454545456,0.002857143
Deer Valley Resort,Salt Lake City,Utah,9570,3000,6570,1,0,13,0,5,2,0,21,103,,2.8,2026,660,,39,300,169,,,13,0.4054950189615709,15.312673003757494,0.066408811,,,,0.20388349514563106,0.010365251727541954,0.1262135922330097,0.006416584
Eagle Point,Utah,Utah,10600,1500,9100,0,0,0,1,1,2,1,5,40,1,0.9,650,,,9,400,60,109,,13,0.4054950189615709,15.312673003757494,0.021305887,,0.038461538461538464,,0.125,0.007692308,0,0
Powder Mountain,Utah,Utah,9422,2522,6900,0,0,1,4,1,0,3,9,167,2,3.5,8464,,120,47,500,88,146,300,13,0.4054950189615709,15.312673003757494,0.27743542677330535,0.077720207,0.076923077,0.4672897196261682,0.053892216,0.001063327,0.005988024,0.000118147
Snowbasin,Utah,Utah,9350,2900,6450,3,1,2,0,3,0,2,11,107,4,3.5,3000,625,143,79,300,115,138,,13,0.4054950189615709,15.312673003757494,0.098334863,0.09261658,0.15384615384615385,,0.102803738,0.003666667,0.018691588785046728,0.000666667
Snowbird,Salt Lake City,Utah,11000,3240,7760,1,0,6,0,0,4,3,14,170,1,2.5,2500,,188,48,500,125,180,2,13,0.4054950189615709,15.312673003757494,0.081945719,0.12176165803108809,0.038461538461538464,0.003115265,0.082352941,0.0056,0.035294118,0.0024
Solitude Mountain Resort,Salt Lake City,Utah,10488,2494,7994,0,0,4,2,1,1,1,9,80,,3,1200,150,161,62,500,119,148,,13,0.4054950189615709,15.312673003757494,0.039333945,0.10427461139896373,,,0.1125,0.0075,0.05,0.003333333
Sundance,Utah,Utah,8250,2150,6100,0,0,0,2,2,0,1,5,45,1,0.6,450,112,128,50,320,80,129,,13,0.4054950189615709,15.312673003757494,0.014750229448013635,0.082901554,0.038461538461538464,,0.1111111111111111,0.011111111111111112,0,0
Nordic Valley Resort,Utah,Utah,6400,960,5440,0,0,0,0,0,2,2,4,23,1,0.4,140,84,105,51,300,50,105,140,13,0.4054950189615709,15.312673003757494,0.00458896,0.068005181,0.038461538461538464,0.21806853582554517,0.17391304347826086,0.028571429,0,0
Bolton Valley,Vermont,Vermont,3150,1704,1446,0,0,0,2,0,3,1,6,71,3,0.6,300,90,133,53,300,79,132,50,15,2.4038885300862676,155.99001663893512,0.041442188,0.074845245,0.06,1,0.084507042,0.02,0,0
Bromley Mountain,Vermont,Vermont,3284,1334,1950,0,0,1,1,0,4,3,9,47,1,2.5,178,153,,83,168,91,152,,15,2.4038885300862676,155.99001663893512,0.024589032,,0.02,,0.19148936170212766,0.050561798,0.021276596,0.005617978
Burke Mountain,Vermont,Vermont,3267,2011,1210,0,0,2,1,0,0,3,6,50,3,2.2,178,125,110,62,217,73,125,,15,2.4038885300862676,155.99001663893512,0.024589032,0.061902082160945414,0.06,,0.12,0.033707865168539325,0.04,0.011235955056179775
Jay Peak,Vermont,Vermont,3968,2153,1815,1,0,1,3,1,1,2,9,79,2,3,385,300,155,64,349,89,160,,15,2.4038885300862676,155.99001663893512,0.053184141,0.087225661,0.04,,0.11392405063291139,0.023376623376623377,0.012658227848101266,0.002597403
Killington Resort,Vermont,Vermont,4241,3050,1165,3,1,5,4,3,1,5,22,155,6,6,1515,600,192,61,250,119,,,15,2.4038885300862676,155.99001663893512,0.20928305014504767,0.1080472706809229,0.12,,0.14193548387096774,0.014521452145214522,0.032258065,0.00330033
Magic Mountain,Vermont,Vermont,2850,1500,1350,0,0,0,0,0,3,3,6,50,1,1.6,205,95,76,59,150,74,80,,15,2.4038885300862676,155.99001663893512,0.028318828567481698,0.042768711,0.02,,0.12,0.029268293,0,0
Pico Mountain,Vermont,Vermont,3967,1967,2000,0,0,2,0,2,2,1,7,59,1,4,260,156,,82,250,81,,,15,2.4038885300862676,155.99001663893512,0.035916563,,0.02,,0.11864406779661017,0.026923076923076925,0.033898305,0.007692308
Smugglers' Notch Resort,Vermont,Vermont,3640,2610,1030,0,0,0,0,0,6,2,8,78,6,3,1000,192,136,63,280,79,135,,15,2.4038885300862676,155.99001663893512,0.1381406271584473,0.076533483,0.12,,0.10256410256410256,0.008,0,0
Sugarbush,Vermont,Vermont,4083,2600,1483,0,0,5,5,2,1,3,16,111,4,3,581,406,150,61,250,119,156,,15,2.4038885300862676,155.99001663893512,0.080259704,0.08441193,0.08,,0.14414414414414414,0.027538726333907058,0.045045045,0.008605852
Suicide Six,Vermont,Vermont,1200,650,550,0,0,0,0,0,2,1,3,24,,0.4,100,50,100,85,90,75,106,,15,2.4038885300862676,155.99001663893512,0.013814063,0.056274620146314014,,,0.125,0.03,0,0
Bryce Resort,Virginia,Virginia,1750,500,1250,0,0,0,1,0,1,5,7,8,,0.4,25,25,100,54,30,68,95,20,4,0.046862997,9.351256575,0.092936803,0.273224044,,0.14814814814814814,0.875,0.28,0,0
Wintergreen Resort,Virginia,Virginia,3515,1003,2512,0,2,0,1,1,1,0,5,27,2,1,129,129,107,44,34,,121,45,4,0.046862997,9.351256575,0.4795539033457249,0.2923497267759563,0.5,0.3333333333333333,0.18518518518518517,0.03875969,0,0
49 Degrees North,Washington,Washington,5774,1851,3932,0,0,0,1,0,5,1,7,89,1,2,2325,,101,48,301,62,135,250,10,0.13132160885254723,14.02563886785043,0.15166340508806261,0.098825832,0.047619047619047616,0.12518778167250877,0.078651685,0.003010753,0,0
Bluewood,Washington,Washington,5670,1125,4545,0,0,0,0,2,0,1,3,24,2,2,355,,70,40,300,47,110,,10,0.13132160885254723,14.02563886785043,0.023157208088714937,0.068493151,0.095238095,,0.125,0.008450704,0,0
Crystal Mountain,Washington,Washington,7012,3100,4400,1,2,2,1,2,2,0,10,57,1,2.5,2600,10,,57,486,99,,,10,0.13132160885254723,14.02563886785043,0.16960208741030658,,0.047619047619047616,,0.17543859649122806,0.003846154,0.035087719,0.000769231
Mt. Baker,Washington,Washington,5000,1500,3500,0,0,0,8,0,0,2,10,38,,0.7,1000,,143,66,663,60.01,165,,10,0.13132160885254723,14.02563886785043,0.065231572,0.13992172211350293,,,0.2631578947368421,0.01,0,0
Mt. Spokane Ski and Snowboard Park,Washington,Washington,5889,2000,4200,0,0,0,0,1,5,1,7,52,3,0.6,1704,,100,81,300,59,103,45,10,0.13132160885254723,14.02563886785043,0.1111545988258317,0.097847358,0.14285714285714285,0.022533800701051578,0.1346153846153846,0.004107981,0,0
The Summit at Snoqualmie,Washington,Washington,3865,1025,2840,0,0,3,3,4,10,7,27,112,5,0.8,1994,5,120,82,428,95,140,541,10,0.13132160885254723,14.02563886785043,0.13007175472928897,0.11741682974559686,0.23809523809523808,0.27090635953930897,0.24107142857142858,0.013540622,0.026785714285714284,0.001504514
White Pass,Washington,Washington,6550,2050,4500,0,0,2,1,1,2,2,8,45,2,2.5,1402,30,148,67,400,69,144,90,10,0.13132160885254723,14.02563886785043,0.091454664,0.14481409001956946,0.095238095,0.045067601402103155,0.17777777777777778,0.005706134,0.044444444444444446,0.001426534
Canaan Valley Resort,West Virginia,West Virginia,4280,850,3430,0,0,0,1,2,0,1,4,47,1,1.2,95,75,,48,160,68,93,,4,0.22319597666932456,16.50846058605035,0.1752767527675277,,0.1111111111111111,,0.085106383,0.042105263157894736,0,0
Snowshoe Mountain Resort,West Virginia,West Virginia,4848,1500,3348,0,0,3,2,6,0,3,14,60,5,1.5,257,257,125,46,180,87,138,86,4,0.22319597666932456,16.50846058605035,0.474169742,0.3654970760233918,0.5555555555555556,0.45989304812834225,0.23333333333333334,0.054474708171206226,0.05,0.011673151750972763
Timberline Four Seasons,West Virginia,West Virginia,4265,1000,3268,0,0,0,0,2,1,1,4,40,1,2,100,100,97,37,150,92,115,27,4,0.22319597666932456,16.50846058605035,0.18450184501845018,0.28362573099415206,0.1111111111111111,0.1443850267379679,0.1,0.04,0,0
Winterplace Ski Resort,West Virginia,West Virginia,3600,603,2997,0,0,0,2,3,2,2,9,27,2,1.2,90,90,120,36,100,72,120,74,4,0.22319597666932456,16.50846058605035,0.16605166051660517,0.3508771929824561,0.2222222222222222,0.39572192513368987,0.3333333333333333,0.1,0,0
Alpine Valley Resort,Wisconsin,Wisconsin,1040,388,820,0,0,3,0,3,1,5,12,21,3,0.2,90,90,100,55,80,65,120,90,16,0.27479916474793875,24.42897276169537,0.05,0.065832785,0.069767442,0.080717489,0.5714285714285714,0.13333333333333333,0.14285714285714285,0.033333333
Bruce Mound,Wisconsin,Wisconsin,1375,375,1000,0,0,0,0,1,0,4,5,12,2,0.5,40,30,42,71,42,25,42,30,16,0.27479916474793875,24.42897276169537,0.022222222222222223,0.027649769585253458,0.046511627906976744,0.026905829596412557,0.4166666666666667,0.125,0,0
Cascade Mountain,Wisconsin,Wisconsin,1280,460,820,0,0,2,2,3,2,3,12,47,4,1.1,175,175,120,57,56,64,120,,16,0.27479916474793875,24.42897276169537,0.097222222,0.078999342,0.093023256,,0.2553191489361702,0.068571429,0.042553191,0.011428571428571429
Christie Mountain,Wisconsin,Wisconsin,1650,350,1300,0,0,0,0,0,1,5,6,30,4,0.8,45,41,92,43,48,38,120,35,16,0.27479916474793875,24.42897276169537,0.025,0.060566162,0.093023256,0.031390135,0.2,0.13333333333333333,0,0
Devils Head,Wisconsin,Wisconsin,995,500,495,0,0,0,3,1,6,2,12,27,1,1,260,260,110,48,45,65,135,200,16,0.27479916474793875,24.42897276169537,0.14444444444444443,0.072416063,0.023255813953488372,0.17937219730941703,0.4444444444444444,0.046153846153846156,0,0
Grand Geneva,Wisconsin,Wisconsin,1086,211,875,0,0,0,0,0,3,3,6,20,1,0.2,30,30,90,25,25,49,93,30,16,0.27479916474793875,24.42897276169537,0.016666666666666666,0.059249506,0.023255813953488372,0.026905829596412557,0.3,0.2,0,0
Granite Peak Ski Area,Wisconsin,Wisconsin,1942,700,1242,0,1,2,0,2,0,2,7,75,4,0.6,220,160,136,82,75,92,135,200,16,0.27479916474793875,24.42897276169537,0.12222222222222222,0.089532587,0.093023256,0.17937219730941703,0.093333333,0.031818181818181815,0.026666667,0.009090909
Little Switzerland,Wisconsin,Wisconsin,1269,200,1069,0,0,0,0,0,4,4,8,18,3,1,50,50,,,,41,,50,16,0.27479916474793875,24.42897276169537,0.027777777777777776,,0.069767442,0.044843049,0.4444444444444444,0.16,0,0
Mount La Crosse,Wisconsin,Wisconsin,1110,516,594,0,0,0,0,0,3,1,4,19,1,0.4,100,100,115,60,40,56,100,90,16,0.27479916474793875,24.42897276169537,0.055555556,0.075707702,0.023255813953488372,0.080717489,0.21052631578947367,0.04,0,0
Nordic Mountain,Wisconsin,Wisconsin,1137,265,872,0,0,0,0,1,1,5,7,18,4,1,60,60,68,43,80,47,90,60,16,0.27479916474793875,24.42897276169537,0.033333333,0.044766294,0.093023256,0.053811659192825115,0.3888888888888889,0.11666666666666667,0,0
Sunburst,Wisconsin,Wisconsin,1100,214,866,0,0,0,0,0,3,6,9,13,4,0.5,37,37,99,59,50,44,115,37,16,0.27479916474793875,24.42897276169537,0.020555555555555556,0.065174457,0.093023256,0.033183856502242155,0.6923076923076923,0.24324324324324326,0,0
Trollhaugen,Wisconsin,Wisconsin,1200,260,920,0,0,0,2,0,1,5,8,24,4,0.5,86,86,130,69,50,54,120,86,16,0.27479916474793875,24.42897276169537,0.047777778,0.08558262,0.093023256,0.077130045,0.3333333333333333,0.093023256,0,0
Tyrol Basin,Wisconsin,Wisconsin,1160,300,860,0,0,0,0,3,0,2,5,18,5,0.5,32,32,112,61,41,48,103,32,16,0.27479916474793875,24.42897276169537,0.017777777777777778,0.073732719,0.11627906976744186,0.028699551569506727,0.2777777777777778,0.15625,0,0
Whitecap Mountain,Wisconsin,Wisconsin,1750,400,1295,0,0,0,1,0,4,0,5,43,1,1,400,300,105,57,200,60,118,,16,0.27479916474793875,24.42897276169537,0.2222222222222222,0.069124424,0.023255813953488372,,0.11627906976744186,0.0125,0,0
Wilmot Mountain,Wisconsin,Wisconsin,1030,230,800,0,0,0,3,2,2,3,10,23,2,0.5,135,135,125,81,70,66,139,135,16,0.27479916474793875,24.42897276169537,0.075,0.082290981,0.046511627906976744,0.1210762331838565,0.43478260869565216,0.074074074,0,0
Grand Targhee Resort,Wyoming,Wyoming,9920,2270,7851,0,0,2,2,0,0,1,5,95,1,2.7,2602,,152,50,500,90,152,,8,1.3822679215355613,8.178871929,0.3988962133987429,0.2122905027932961,0.071428571,,0.052631579,0.001921599,0.021052631578947368,0.00076864
Hogadon Basin,Wyoming,Wyoming,8000,640,7400,0,0,0,0,0,1,1,2,28,1,0.6,92,32,121,61,80,48,95,,8,1.3822679215355613,8.178871929,0.01410394,0.16899441340782123,0.071428571,,0.071428571,0.021739130434782608,0,0
Sleeping Giant Ski Resort,Wyoming,Wyoming,7428,810,6619,0,0,0,0,1,1,1,3,48,1,1,184,18,61,81,310,42,77,,8,1.3822679215355613,8.178871929,0.02820788,0.085195531,0.071428571,,0.0625,0.016304347826086956,0,0
Snow King Resort,Wyoming,Wyoming,7808,1571,6237,0,0,0,1,1,1,0,3,32,2,1,400,250,121,80,300,59,123,110,8,1.3822679215355613,8.178871929,0.061321478,0.16899441340782123,0.14285714285714285,1,0.09375,0.0075,0,0
Snowy Range Ski & Recreation Area,Wyoming,Wyoming,9663,990,8798,0,0,0,0,1,3,1,5,33,2,0.7,75,30,131,59,250,49,,,8,1.3822679215355613,8.178871929,0.011497777096428024,0.1829608938547486,0.14285714285714285,,0.15151515151515152,0.066666667,0,0
White Pine Ski Area,Wyoming,Wyoming,9500,1100,8400,0,0,0,0,2,0,0,2,25,,0.4,370,,,81,150,49,,,8,1.3822679215355613,8.178871929,0.056722367,,,,0.08,0.005405405,0,0
